mean_eloR,mean_eloR_weighted
0.6648353911784637,0.759530788894847
