mean_eloR,mean_eloR_weighted
0.5806451771444099,0.6612726381360801
