mean_eloR,mean_eloR_weighted
0.6741633242742706,0.7548109425132251
