mean_eloR,mean_eloR_weighted
0.7255182600070276,0.8289453920812776
