mean_eloR,mean_eloR_weighted
0.6984728843892047,0.7949565546109506
