mean_eloR,mean_eloR_weighted
0.6452167370799661,0.7277388644115749
