mean_eloR,mean_eloR_weighted
0.7568492521634802,0.8681140350017073
