mean_eloR,mean_eloR_weighted
0.6622558175634252,0.7571180276203469
