mean_eloR,mean_eloR_weighted
0.5778169636505577,0.6159040297142653
