mean_eloR,mean_eloR_weighted
0.5285424980007772,0.5424153095724948
