mean_eloR,mean_eloR_weighted
0.5899247521925015,0.6423687452307373
