mean_eloR,mean_eloR_weighted
0.722973788355964,0.8200471622568372
