individual,id,Ntot,N1,ND,N0,raw,score,propscore,theta,se.theta,outfit,infit
C,3,3213,2120,0,1093,2120,2119.904108309991,0.6597896384407068,0.6051846129782961,0.03780128336898025,0.9901437865770756,0.9958310323309872
H,8,3213,1923,0,1290,1923,1922.9408963585433,0.598487673936677,0.36960687664622704,0.03676545441696356,1.0182182076680062,1.0129801634838305
F,6,3213,1771,0,1442,1771,1770.9692810457518,0.5511886962482888,0.19374287895380568,0.036343906431916886,1.0029797906802143,0.9993985239116117
D,4,3213,1737,0,1476,1737,1736.9756302521007,0.5406086617653597,0.15480383101461326,0.03628987000369476,0.9973101150141293,0.9968858072564893
G,7,3213,1594,0,1619,1594,1594.0023342670402,0.49611028144009967,-0.008317063142245656,0.03621573505282262,1.0160169533983014,1.0140584752426811
B,2,3213,1550,0,1663,1550,1550.0105508870215,0.4824184721092504,-0.05849517245093841,0.03624205809490057,0.9717532715006976,0.97522022576376
E,5,3213,1336,0,1877,1336,1336.0505135387489,0.41582649036375624,-0.3048895985601648,0.03670678786463462,1.0026854947648691,1.0020114247664111
A,1,3213,821,0,2392,821,821.146685340803,0.2555700856958615,-0.9516363654395932,0.04073075861265227,1.0026379519795523,1.002731508085634
