mean_eloR,mean_eloR_weighted
0.5820192530998526,0.6255506839921405
