mean_eloR,mean_eloR_weighted
0.7617325049226831,0.871533630932205
