mean_eloR,mean_eloR_weighted
0.7398591353549532,0.836315558895554
