mean_eloR,mean_eloR_weighted
0.649728369843386,0.7458620550556067
