mean_eloR,mean_eloR_weighted
0.6886462494918226,0.7749664019496129
