mean_eloR,mean_eloR_weighted
0.5508290001066687,0.5859767038684781
