mean_eloR,mean_eloR_weighted
0.5748935052711387,0.6240362789643621
