mean_eloR,mean_eloR_weighted
0.5869073242261892,0.6567630847617789
