individual,id,Ntot,N1,ND,N0,raw,score,propscore,theta,se.theta,outfit,infit
PXSQJB,5,71,60,0,11,60,59.79295774647887,0.8421543344574489,1.9497108734279964,0.3475471964645797,0.5766521078531216,0.84942790200793294
Y6JTCZ,9,74,61,0,13,61,60.80540540540541,0.8216946676406136,1.6688745292310903,0.3333818666831814,1.5060903807361707,1.1477602099257027
69J9SW,1,72,54,0,18,54,53.85,0.7479166666666667,1.1538516856023067,0.3156757115745234,1.7554794625721306,1.1545485242910611
HPPDXP,3,70,37,0,33,37,36.98285714285714,0.5283265306122449,0.4176017989755691,0.29895474370988556,0.9138092113303543,0.8157329156454008
N2Q9EZ,4,71,35,0,36,35,35.00422535211268,0.49301725848046024,0.29228527477353966,0.2859878280320835,0.7720976005057286,0.8789077003174791
7VAUKB,2,71,29,0,42,29,29.05492957746479,0.40922436024598297,-0.38921705688200986,0.30662943124748315,0.8699009602224695,0.9251795968694468
TBEEEN,6,70,28,0,42,28,28.060000000000006,0.40085714285714297,-0.21596128444744098,0.2890469581217592,0.9055475778887805,0.9550375001062694
WP7BYJ,8,70,10,0,60,10,10.214285714285715,0.14591836734693878,-2.2658723350675207,0.3970000301615819,1.5594980310695823,0.9787311691191034
URVVWM,7,71,6,0,65,6,6.249295774647887,0.08801825034715334,-2.611273485613531,0.4760132165319699,1.0689523362003668,0.9928996689959658
