mean_eloR,mean_eloR_weighted
0.7855484652655544,0.8698292355624359
