mean_eloR,mean_eloR_weighted
0.6477338737137898,0.7167496851063672
