mean_eloR,mean_eloR_weighted
0.7127885241134719,0.8288451593702025
