mean_eloR,mean_eloR_weighted
0.6469104374158876,0.7225468723727466
