mean_eloR,mean_eloR_weighted
0.7660145200964972,0.8643815404331296
