mean_eloR,mean_eloR_weighted
0.7797769757618331,0.8758903666051927
