mean_eloR,mean_eloR_weighted
0.6781620783535934,0.760357492681524
