mean_eloR,mean_eloR_weighted
0.6999903831049058,0.7935073359256892
