mean_eloR,mean_eloR_weighted
0.7136862914655318,0.7949321867652014
