individual,id,Ntot,N1,ND,N0,raw,score,propscore,theta,se.theta,outfit,infit
Plain1.25,4,800,472,0,328,472,471.94599999999997,0.5899325,0.32477831911472926,0.07205289232743894,0.9992137942818979,0.9992771622280269
Plain1,3,800,437,0,363,437,436.97225,0.5462153125,0.16575486039630613,0.07128364955192293,1.00342067298655,1.0033270645658616
Plain1.5,5,800,430,0,370,430,429.9775,0.537471875,0.1342564514841388,0.07119064673201801,1.005836288973817,1.005683628764665
Plain1.75,6,800,418,0,382,418,417.98650000000004,0.522483125,0.0804024381558483,0.07107675412099236,0.9912654348689938,0.9913230633671979
Plain2,7,800,388,0,412,388,388.009,0.48501125,-0.05389689097873593,0.07103997323584614,0.9973086488936196,0.9971648476114501
Plain0.75,2,800,373,0,427,373,373.02025000000003,0.46627531250000004,-0.1211484118750801,0.07115413168989139,1.003335945987019,1.0034929829966381
Plain0.5,1,800,370,0,430,370,370.02250000000004,0.46252812500000007,-0.13462591301035595,0.07118767636842695,0.9974977072135457,0.9976742117926575
Plain2.25,8,800,364,0,436,364,364.027,0.45503374999999996,-0.1616177693478175,0.07126559189077881,1.0000396357979457,0.9998587600768499
Plain2.5,9,800,348,0,452,348,348.03900000000004,0.43504875000000004,-0.23390308393903303,0.07154501401879079,1.0020522003182948,1.0019573140436457
