mean_eloR,mean_eloR_weighted
0.5149485978224514,0.5228412932023665
