mean_eloR,mean_eloR_weighted
0.5930040885523201,0.6571266063444151
