mean_eloR,mean_eloR_weighted
0.5413154856049638,0.5614909313834527
