mean_eloR,mean_eloR_weighted
0.5743492296751213,0.622786369151395
