mean_eloR,mean_eloR_weighted
0.7306442596706417,0.832259922961471
