mean_eloR,mean_eloR_weighted
0.7083018416876381,0.8128171443778158
