mean_eloR,mean_eloR_weighted
0.6966030684901894,0.7883823170207146
