mean_eloR,mean_eloR_weighted
0.6098083632129493,0.6657781551694959
