mean_eloR,mean_eloR_weighted
0.5699804321271151,0.6069360060958537
