mean_eloR,mean_eloR_weighted
0.5312653393261887,0.5451398493107622
