mean_eloR,mean_eloR_weighted
0.686902929321079,0.7709615804182213
