mean_eloR,mean_eloR_weighted
0.5401697390300264,0.559855890450127
