mean_eloR,mean_eloR_weighted
0.5624892421622386,0.598352528338996
