mean_eloR,mean_eloR_weighted
0.5510647694856643,0.5862351275297333
