mean_eloR,mean_eloR_weighted
0.6193346778493847,0.6818308113302399
