mean_eloR,mean_eloR_weighted
0.7469452215331064,0.8488128398008955
