mean_eloR,mean_eloR_weighted
0.7239670976973567,0.816789275598834
