mean_eloR,mean_eloR_weighted
0.7458932981084181,0.8552401343235672
