mean_eloR,mean_eloR_weighted
0.5356095074657231,0.5545967914846505
