mean_eloR,mean_eloR_weighted
0.5888925017427047,0.646227264944619
