mean_eloR,mean_eloR_weighted
0.6815601997703662,0.7812925368369621
