mean_eloR,mean_eloR_weighted
0.5855047168972173,0.6322865733878265
