mean_eloR,mean_eloR_weighted
0.6936777871006456,0.7902630356361199
