mean_eloR,mean_eloR_weighted
0.6043414156967749,0.6544158324731859
