mean_eloR,mean_eloR_weighted
0.721832378063181,0.82723886196295
