mean_eloR,mean_eloR_weighted
0.7196920504588469,0.8059497497428295
