mean_eloR,mean_eloR_weighted
0.6392486143596111,0.69496699712725
