mean_eloR,mean_eloR_weighted
0.5604832802209325,0.6008076598856423
