mean_eloR,mean_eloR_weighted
0.6902842021817472,0.7871849382883583
