mean_eloR,mean_eloR_weighted
0.5966465928284338,0.6468991409080895
