mean_eloR,mean_eloR_weighted
0.7140696208181799,0.8178337512491101
