mean_eloR,mean_eloR_weighted
0.5730839591471591,0.6190804393547811
