mean_eloR,mean_eloR_weighted
0.538913248738083,0.5580069484364995
