mean_eloR,mean_eloR_weighted
0.6801623604704196,0.7822140008323196
