mean_eloR,mean_eloR_weighted
0.6315648225465841,0.7164645754019511
