mean_eloR,mean_eloR_weighted
0.7620771543363994,0.8674205941585831
