mean_eloR,mean_eloR_weighted
0.5871726765965308,0.6263261138756017
