mean_eloR,mean_eloR_weighted
0.5516354225796024,0.5779573368773141
