mean_eloR,mean_eloR_weighted
0.6039671938346275,0.6731809085616706
