mean_eloR,mean_eloR_weighted
0.820487645602134,0.9165805680648937
