mean_eloR,mean_eloR_weighted
0.699735672935208,0.7857334639727979
