mean_eloR,mean_eloR_weighted
0.6905192181604084,0.780613074148892
