mean_eloR,mean_eloR_weighted
0.6813726717052037,0.7620819680069056
