mean_eloR,mean_eloR_weighted
0.5814922304119909,0.6313603263560676
