mean_eloR,mean_eloR_weighted
0.6354182230436936,0.7015053655721478
