mean_eloR,mean_eloR_weighted
0.5993183784638252,0.6628897912873769
