mean_eloR,mean_eloR_weighted
0.623328284986342,0.6741629973023117
