mean_eloR,mean_eloR_weighted
0.6800510993587985,0.7839592506613986
