mean_eloR,mean_eloR_weighted
0.8134671648230931,0.9226598038050761
