mean_eloR,mean_eloR_weighted
0.5792480059951908,0.6319982632098381
