mean_eloR,mean_eloR_weighted
0.6849045837676304,0.7757205604589524
