mean_eloR,mean_eloR_weighted
0.6991803135524538,0.7963671773996615
