mean_eloR,mean_eloR_weighted
0.584787846986862,0.629966045125622
