individual,id,Ntot,N1,ND,N0,raw,score,propscore,theta,se.theta,outfit,infit
Private Selection,4,175,106,0,69,106,105.93657142857144,0.605351836734694,0.34386645118643383,0.15486183804079276,1.005665317047137,1.004969559750005
Blue Bell,1,174,88,0,86,88,87.99655172413793,0.5057273087594134,0.016855180628389605,0.1525353485452435,1.004727402941212,1.0046607348262155
Mayfield,3,173,85,0,88,85,85.00520231213872,0.49135955093721806,-0.023481003157962803,0.15299871296094814,0.9841919538151565,0.984406271958393
Breyer's,2,174,83,0,91,83,83.01379310344828,0.4770907649623464,-0.07532721027776175,0.15267046317154806,0.9950436212957419,0.9949071924109372
Turkey Hill,5,174,73,0,101,73,73.04827586206896,0.4198176773682124,-0.26191341837909893,0.1540931491301815,1.0107503897310264,1.009876954796281
