mean_eloR,mean_eloR_weighted
0.5135227790089165,0.5197876517750568
