mean_eloR,mean_eloR_weighted
0.5943399334877884,0.6472530989564891
