mean_eloR,mean_eloR_weighted
0.6639461559881641,0.7258486688167944
