mean_eloR,mean_eloR_weighted
0.6946965713106997,0.7852814877025632
