individual,id,Ntot,N1,ND,N0,raw,score,propscore,theta,se.theta,outfit,infit
e,5,3108,1941,0,1167,1941,1940.9252895752898,0.6244933364141859,0.4546864684642235,0.03739844965424021,1.0079854194368754,1.0066193502101912
d,4,3108,1883,0,1225,1883,1882.9364864864865,0.6058354203624474,0.3849616651596346,0.03711174329264325,1.0069917656202139,1.0053232924898967
a,1,3108,1688,0,1420,1688,1687.9741312741312,0.5431062198436716,0.15578985023848885,0.036513139644777363,0.9961372484555507,0.996284272554845
b,2,3108,1628,0,1480,1628,1627.9857142857143,0.523804927376356,0.08626824937700196,0.03643361180782728,0.9813081692195725,0.9822725943003043
f,6,3108,1480,0,1628,1480,1480.0142857142857,0.4761950726236441,-0.08474736257360828,0.03643742300333016,0.9932524497720764,0.9931134728820578
g,7,3108,1415,0,1693,1415,1415.026833976834,0.45528533911738545,-0.16009550209640444,0.03652906448455494,1.0074071592317204,1.0074945886519702
h,8,3108,1347,0,1761,1347,1347.0399613899615,0.4334105409877611,-0.23938595382706773,0.03668528761671437,1.0074216896896526,1.007212502119345
c,3,3108,1050,0,2058,1050,1050.0972972972972,0.33786914327454864,-0.5974774147422685,0.03817600544434877,1.0025918493110515,1.0009222471245172
