mean_eloR,mean_eloR_weighted
0.5521325460289513,0.5784039208342928
