individual,id,Ntot,N1,ND,N0,raw,score,propscore,theta,se.theta,outfit,infit
Edges1.5,5,800,452,0,348,452,451.961,0.56495125,0.2346694928973984,0.0716522750636835,1.0091505937335734,1.0088121239615175
Edges1.25,4,800,446,0,354,446,445.96549999999996,0.557456875,0.20743032522693958,0.07153546448018762,1.0031217062834452,1.0030364254202901
Edges1.75,6,800,442,0,358,442,441.9685,0.552460625,0.18931245228468357,0.07146585093706764,0.9997624758992927,0.9994764201662988
Edges1,3,800,427,0,373,427,426.97975,0.5337246875,0.1216118676011171,0.07126263950179239,0.9926089075797632,0.992729800349022
Edges2,7,800,417,0,383,417,416.98725,0.5212340625,0.07663525298545694,0.07117709715590206,0.9985473453924524,0.9982922288148444
Edges0.75,2,800,385,0,415,385,385.01125,0.48126406250000003,-0.06701105806326804,0.07116728384967079,0.9912648649136798,0.9913225386877431
Edges2.25,8,800,364,0,436,364,364.027,0.45503374999999996,-0.16156168776839147,0.07137980015437961,0.992156899446378,0.9920879995284522
Edges2.5,9,800,347,0,453,347,347.03974999999997,0.4337996875,-0.23860279604637738,0.07168219488785223,1.012606326573431,1.0123611302188373
Edges0.5,1,800,320,0,480,320,320.06,0.400075,-0.36248384911755865,0.07241448220693669,1.0016476572600448,1.0013500040086334
