mean_eloR,mean_eloR_weighted
0.5210911621743928,0.5321236545013571
