mean_eloR,mean_eloR_weighted
0.7241509372016303,0.794188595567409
