mean_eloR,mean_eloR_weighted
0.5656449749435175,0.61159094805755565
