mean_eloR,mean_eloR_weighted
0.6430620675063334,0.7369667573545227
