individual,id,Ntot,N1,ND,N0,raw,score,propscore,theta,se.theta,outfit,infit
Fracts1,3,800,520,0,280,520,519.91,0.6498875,0.5807536990101533,0.07577572118098079,1.0847267028566092,1.054925925829922
Fracts1.25,4,800,510,0,290,510,509.9175,0.637396875,0.5308664926909381,0.07528937983716473,1.0389271967333604,1.0213634839990298
Fracts1.5,5,800,481,0,319,481,480.93924999999996,0.6011740624999999,0.38898132613797365,0.07416660308499348,0.9848443845367594,0.9857457395665373
Fracts0.75,2,800,454,0,346,454,453.9595,0.567449375,0.25967407216265387,0.07346899492269135,1.0090863417397582,1.0052454629358392
Fracts1.75,6,800,426,0,374,426,425.98049999999995,0.5324756249999999,0.12733268323715535,0.07306714983424285,0.9111400818045365,0.9163102708795207
Fracts0.5,1,800,362,0,438,362,362.0285,0.452535625,-0.1737848720407022,0.0733031859066486,1.0224804109637988,1.021485354015729
Fracts2,7,800,351,0,449,351,351.03675,0.43879593749999996,-0.22597497901886113,0.0735058493376252,0.9511129133439775,0.9501735750896111
Fracts2.25,8,800,285,0,515,285,285.08625,0.3563578125,-0.5474369833030318,0.07583054322006244,0.9779558441373442,0.9720894762740871
Fracts2.5,9,800,211,0,589,211,211.14175,0.2639271875,-0.940411438876279,0.08136393869381425,1.0900143630291923,1.0569512292850747
