mean_eloR,mean_eloR_weighted
0.5991577733728193,0.6406111908069151
