mean_eloR,mean_eloR_weighted
0.7407735686466779,0.8318516095103001
