mean_eloR,mean_eloR_weighted
0.592859878309715,0.6385284946330796
