mean_eloR,mean_eloR_weighted
0.6282466508332931,0.6933102363070428
