mean_eloR,mean_eloR_weighted
0.5694800670785286,0.6150864709654819
