mean_eloR,mean_eloR_weighted
0.6885147742834019,0.7757273005134184
