mean_eloR,mean_eloR_weighted
0.6552656408647861,0.7242857962687379
