mean_eloR,mean_eloR_weighted
0.6170995436369161,0.6988025408350969
