mean_eloR,mean_eloR_weighted
0.7577751587103024,0.8671890345353536
