mean_eloR,mean_eloR_weighted
0.6167696180988795,0.6987583469608012
