mean_eloR,mean_eloR_weighted
0.6579087678115548,0.7409099056456344
