mean_eloR,mean_eloR_weighted
0.62956887520341,0.7131399464268723
