mean_eloR,mean_eloR_weighted
0.6864441341628104,0.7806117407193807
