mean_eloR,mean_eloR_weighted
0.7320446259583051,0.8303937304542515
