mean_eloR,mean_eloR_weighted
0.5714004433903467,0.6184803585693458
