mean_eloR,mean_eloR_weighted
0.9206501662019089,0.9379535012977901
