mean_eloR,mean_eloR_weighted
0.6849253195893409,0.7819109232647938
