individual,id,Ntot,N1,ND,N0,raw,score,propscore,theta,se.theta,outfit,infit
N2Q9EZ,4,97,78,0,19,78,77.81752577319588,0.8022425337442874,1.6183218838375963,0.27284563681476104,1.3653480423231568,0.9204374333371615
PXSQJB,5,99,71,0,28,71,70.86969696969697,0.7158555249464341,1.2659656804603725,0.24477593004596393,1.2641227167015754,0.9966447495777169
Y6JTCZ,9,95,62,0,33,62,61.90842105263158,0.6516675900277008,0.9149904717317788,0.2386834083060307,0.9184365936852003,1.0607609613442313
HPPDXP,3,99,62,0,37,62,61.92424242424242,0.6254973982246709,0.6603519002913256,0.237324273372834,0.74128178204058,0.9113453327742911
69J9SW,1,98,54,0,44,54,53.96938775510204,0.5507080383173678,0.5183190144472699,0.22996312367711777,1.2285510727043338,1.1451866961717254
7VAUKB,2,99,44,0,55,44,44.03333333333333,0.4447811447811448,-0.21996136910719008,0.24034498151988637,1.25318910232045,1.1863821852026528
TBEEEN,6,99,44,0,55,44,44.03333333333333,0.4447811447811448,-0.25211891220902505,0.24781346479675004,0.6744861768335865,0.8029976490218182
WP7BYJ,8,98,18,0,80,18,18.18979591836735,0.18561016243231987,-1.773825482995226,0.31891085991624785,0.4701701120849998,0.7025400441636775
URVVWM,7,96,7,0,89,7,7.2562500000000005,0.0755859375,-2.732043186456902,0.40870687478453893,2.0375953203797503,1.1233294788429444
