mean_eloR,mean_eloR_weighted
0.7331341910456168,0.8395036251444321
