mean_eloR,mean_eloR_weighted
0.5986292526547125,0.6602920862142707
