mean_eloR,mean_eloR_weighted
0.8661230439667695,0.946261289339248
