mean_eloR,mean_eloR_weighted
0.6466385297374688,0.7172401280528795
