mean_eloR,mean_eloR_weighted
0.602441933796924,0.6716719377533195
