mean_eloR,mean_eloR_weighted
0.760576621353295,0.8661118278136959
