mean_eloR,mean_eloR_weighted
0.7308351070340459,0.8346212328648841
