mean_eloR,mean_eloR_weighted
0.6622488840224406,0.7531095758396529
