mean_eloR,mean_eloR_weighted
0.7187286681375695,0.8228185369014358
