mean_eloR,mean_eloR_weighted
0.613366593321991,0.695471663952268
