mean_eloR,mean_eloR_weighted
0.6299308729195843,0.6842100641781297
